{
  "version": "2022.1",
  "applications": [],
  "platforms": [],
  "systems": [
    {
      "name": "TFG_RQUI471_system",
      "platform": "/opt/xilinx/platforms/xilinx_u250_gen3x16_xdma_4_1_202210_1/xilinx_u250_gen3x16_xdma_4_1_202210_1.xpfm",
      "sysConfig": "config0_0",
      "buildConfig": "Emulation-SW",
      "applications": [
        {
          "name": "TFG_RQUI471_system_hw_link",
          "platform": "/opt/xilinx/platforms/xilinx_u250_gen3x16_xdma_4_1_202210_1/xilinx_u250_gen3x16_xdma_4_1_202210_1.xpfm",
          "sysConfig": "Linux on x86",
          "domain": "pl",
          "system": "TFG_RQUI471_system"
        },
        {
          "name": "TFG_RQUI471_kernels",
          "platform": "/opt/xilinx/platforms/xilinx_u250_gen3x16_xdma_4_1_202210_1/xilinx_u250_gen3x16_xdma_4_1_202210_1.xpfm",
          "sysConfig": "Linux on x86",
          "domain": "",
          "system": "TFG_RQUI471_system"
        },
        {
          "name": "TFG_RQUI471",
          "platform": "/opt/xilinx/platforms/xilinx_u250_gen3x16_xdma_4_1_202210_1/xilinx_u250_gen3x16_xdma_4_1_202210_1.xpfm",
          "sysConfig": "config0_0",
          "domain": "x86",
          "system": "TFG_RQUI471_system"
        }
      ]
    }
  ],
  "others": []
}